{
  "project_info": {
    "project_number": "724021259403",
    "project_id": "forkeye-c868c",
    "storage_bucket": "forkeye-c868c.appspot.com"
  },
  "client": [
    {
      "client_info": {
        "mobilesdk_app_id": "1:724021259403:android:680678c9b0a17442f5388e",
        "android_client_info": {
          "package_name": "com.forkeye.invo"
        }
      },
      "oauth_client": [
        {
          "client_id": "724021259403-vc66ia1br8r49b77daehk5n4qs922h3l.apps.googleusercontent.com",
          "client_type": 3
        }
      ],
      "api_key": [
        {
          "current_key": "AIzaSyDAQ8ziq92qojC4xaDYr2LXJICe-z_L1lA"
        }
      ],
      "services": {
        "appinvite_service": {
          "other_platform_oauth_client": [
            {
              "client_id": "724021259403-vc66ia1br8r49b77daehk5n4qs922h3l.apps.googleusercontent.com",
              "client_type": 3
            }
          ]
        }
      }
    }
  ],
  "configuration_version": "1"
}